Metric,Value
Accuracy,0.9555703721663232
Precision,0.9341522797698096
Recall,0.9839142091152815
F1-score,0.958387737723531
