Metric,Value
Accuracy,0.9799369620560068
Precision,0.9799636788928963
Recall,0.9799369620560068
F1-score,0.9799394181024759
