Metric,Value
Accuracy,0.9793914413868348
Precision,0.9794191623237407
Recall,0.9793914413868348
F1-score,0.9793940058264229
