Metric,Value
Accuracy,0.9792096011637774
Precision,0.9792126055779475
Recall,0.9792096011637774
F1-score,0.9792080722761569
