Metric,Value
Accuracy,0.9844223542247545
Precision,0.9844221913919012
Recall,0.9844223542247545
F1-score,0.9844222402060904
