Metric,Value
Accuracy,0.9802400290944356
Precision,0.9803461835026137
Recall,0.9802400290944356
F1-score,0.9802446152949748
